"review,sentiment"
"""This product exceeded my expectations! I'm very happy with my purchase."",positive"
"""I would definitely recommend this product. It's worth the price."",positive"
"""I was disappointed with this product. It didn't work as well as I thought it would."",negative"
"""This product is amazing! It has made a big difference in my life."",positive"
"""I'm very satisfied with this product. It's exactly what I was looking for."",positive"
"""I wouldn't recommend this product. It didn't work for me at all."",negative"
"""This product is just okay. It didn't really impress me, but it wasn't terrible either."",neutral"
"""I'm so happy I bought this product. It's made my life so much easier."",positive"
"""I was hesitant to buy this product, but I'm glad I did. It works great!"",positive"
"""This product is a waste of money. I wouldn't recommend it to anyone."",negative"
"""I love this product! It's one of the best purchases I've ever made."",positive"
"""I was really excited to try this product, but it didn't live up to my expectations."",negative"
"""I've been using this product for a few weeks now, and I'm very happy with the results."",positive"
"""I'm not sure how I feel about this product. It's not bad, but it's not great either."",neutral"
"""This product is great for the price. I would recommend it to anyone on a budget."",positive"
"""I was hoping this product would work better than it does. It's just okay."",neutral"
"""I'm very impressed with this product. It works better than I thought it would."",positive"
"""This product is a game-changer! I can't believe how much it has helped me."",positive"
"""I wouldn't recommend this product. It didn't work as well as I had hoped."",negative"
"""I'm very happy with this product. It's exactly what I needed."",positive"
"""I'm not a big fan of this product. It didn't meet my expectations."",negative"
"""This product is amazing! I can't believe how well it works."",positive"
"""I would definitely recommend this product to anyone. It's a great value for the price."",positive"
"""I was disappointed with this product. It didn't work as well as I had hoped."",negative"
"""I'm so glad I bought this product. It's made a big difference in my life."",positive"
"""This product is just okay. It didn't really do much for me."",neutral"
"""I'm very satisfied with this product. It does exactly what it's supposed to do."",positive"
"""I wouldn't recommend this product. It didn't work for me at all."",negative"
"""This product is worth the money. I'm very happy with my purchase."",positive"
"""I was hesitant to try this product, but I'm glad I did. It's really great!"",positive"
"""I was disappointed with this product. It didn't meet my expectations."",negative"
"""This product is amazing! It's one of the best products I've ever used."",positive"
"""I would definitely recommend this product to anyone. It's great for the price."",positive"
"""I'm very happy with this product. It works exactly as advertised."",positive"
"""I'm not sure how I feel about this product. It's not bad, but it's not great either."",neutral"
"""This product is a waste of money. I wouldn't recommend it to anyone."",negative"
"""I love this product! It's exactly what I needed."",positive"
"""I was hoping this product would work better than it does. It's just okay."",neutral"
"""I'm very impressed with this product. It exceeded my expectations."",positive"
"""This product is a game-changer! I can't imagine life without it now."",positive"
"""I wouldn't recommend this product. It didn't work for me at all."",negative"
"""I'm very happy with this product. It's made a big difference in my daily routine."",positive"
"""I'm not a big fan of this product. It didn't work as well as I had hoped."",negative"
"""This product is amazing! It has improved my life in so many ways."",positive"
"""I would definitely recommend this product to anyone. It's worth the investment."",positive"
"""I was disappointed with this product. It didn't meet my expectations."",negative"
"""This product is just okay. It didn't really do much for me."",neutral"
"""I'm very satisfied with this product. It does the job and more."",positive"
"""I'm so glad I bought this product. It's one of the best purchases I've made."",positive "
"""I was hesitant to try this product, but I'm so glad I did. It's amazing!"",positive"
"""I'm very happy with this product. It's exactly what I was looking for."",positive"
"""I'm not sure how I feel about this product. It's not bad, but it's not great either."",neutral"
"""This product is a waste of money. I regret buying it."",negative"
"""I love this product! It's changed my life for the better."",positive"
"""I was hoping this product would work better than it does. It's just okay."",neutral"
"""I'm very impressed with this product. It's exceeded my expectations."",positive"
"""This product is a game-changer! It's one of the best products I've ever used."",positive"
"""I wouldn't recommend this product. It didn't work for me at all."",negative"
"""I'm very happy with this product. It's improved my daily routine."",positive"
"""I'm not a big fan of this product. It didn't meet my expectations."",negative"
"""This product is amazing! I can't believe how well it works."",positive"
"""I would definitely recommend this product to anyone. It's worth the price."",positive"
" ""This product is just okay. It didn't really impress me, but it wasn't terrible either."",neutral"
"""I'm very satisfied with this product. It does the job and more."",positive"
"""I'm so glad I bought this product. It's a game-changer for me."",positive"
"""This product is worth the investment. It has made my life so much easier."",positive"
"""I was hesitant to try this product, but I'm glad I did. It's amazing!"",positive"
"""I'm very happy with this product. It's exactly what I needed."",positive"
"""I'm not sure how I feel about this product. It's not bad, but it's not great either."",neutral"
"""This product is a waste of money. I wish I hadn't bought it."",negative"
"""I love this product! It's made a huge difference in my life."",positive"
"""This product is worth the money. It has made a huge impact in my life."",positive"
"""I wouldn't recommend this product. It didn't work as well as I had hoped."",negative "
"""I was disappointed with this product. It didn't work as well as I had hoped."",negative"
"""I wouldn't recommend this product. It didn't work as well as I had hoped."",negative "